Départ,Arrivée,Distance,Temps transport en commun,Temps voiture
Aeroport de Martinique,Le Francois,13 km,1h51,16 min
Fort de France,Sainte Anne,50 km,2h40,46 min
Les Trois Ilets,Sainte Anne,35 km,2h20,35 min
Le Vauclin,Saint Pierre,66 km,3h,1h
Aeroport de Martinique,Le Francois,13 km,1h51,16 min
Fort de France,Sainte Anne,50 km,2h40,46 min
Les Trois Ilets,Sainte Anne,35 km,2h20,35 min
Le Vauclin,Saint Pierre,66 km,3h,1h
Aeroport de Martinique,Le Francois,13 km,1h51,16 min
Fort de France,Sainte Anne,50 km,2h40,46 min
Les Trois Ilets,Sainte Anne,35 km,2h20,35 min
Le Vauclin,Saint Pierre,66 km,3h,1h
Aeroport de Martinique,Le Francois,13 km,1h51,16 min
Fort de France,Sainte Anne,50 km,2h40,46 min
Les Trois Ilets,Sainte Anne,35 km,2h20,35 min
Le Vauclin,Saint Pierre,66 km,3h,1h
Aeroport de Martinique,Le Francois,13 km,1h51,16 min
Fort de France,Sainte Anne,50 km,2h40,46 min
Les Trois Ilets,Sainte Anne,35 km,2h20,35 min
Le Vauclin,Saint Pierre,66 km,3h,1h